at://did:plc:aodlnmk6p7fx76pzsmt67ixl/app.bsky.feed.post/3mf4hnkuris25,2026-02-18T06:37:35.951944+00:00
at://did:plc:vna5324hfbcw52jsvpz5q2zf/app.bsky.feed.post/3mf4odzc7o22h,2026-02-18T09:00:05.807913+00:00
at://did:plc:k3frwgqvghtswmu7i4ieylk6/app.bsky.feed.post/3mf4rlzklcs2q,2026-02-18T10:36:57.690284+00:00
at://did:plc:k3frwgqvghtswmu7i4ieylk6/app.bsky.feed.post/3mf4rj5xbkk2q,2026-02-18T10:36:58.274708+00:00
at://did:plc:633kiz5uvznciwuo4tgpjxmz/app.bsky.feed.post/3mf4vvkgz3c2q,2026-02-18T12:03:32.735214+00:00
at://did:plc:5rmb6lvxuj33s2tnalf2xzz6/app.bsky.feed.post/3mf53s6mdb224,2026-02-18T12:49:22.490797+00:00
at://did:plc:5rmb6lvxuj33s2tnalf2xzz6/app.bsky.feed.post/3mf53pgzlr224,2026-02-18T12:49:23.102720+00:00
at://did:plc:d2qjd7sopajog36xvjwyfmli/app.bsky.feed.post/3mf5754jt4c2r,2026-02-18T13:45:26.186127+00:00
at://did:plc:d2qjd7sopajog36xvjwyfmli/app.bsky.feed.post/3mf56xo2xqk2i,2026-02-18T13:45:26.787677+00:00
at://did:plc:yal2wktlkifgix5swdjl5a4u/app.bsky.feed.post/3mf553dwa2s26,2026-02-18T13:45:27.372305+00:00
at://did:plc:yal2wktlkifgix5swdjl5a4u/app.bsky.feed.post/3mf54m3zkls2i,2026-02-18T13:45:27.981007+00:00
at://did:plc:ajkx2ox3bbg7jz56zfmucve6/app.bsky.feed.post/3mf5domnzzc2e,2026-02-18T15:00:07.073435+00:00
at://did:plc:nstawdlrl6hjcfttwnk4pohy/app.bsky.feed.post/3mf5d2rni7c2j,2026-02-18T15:00:07.665957+00:00
at://did:plc:nstawdlrl6hjcfttwnk4pohy/app.bsky.feed.post/3mf5cqnqrck2j,2026-02-18T15:00:08.234447+00:00
at://did:plc:nstawdlrl6hjcfttwnk4pohy/app.bsky.feed.post/3mf5cq3jfdk2j,2026-02-18T15:00:08.813417+00:00
at://did:plc:y475tevrefktpj634e5nfi7s/app.bsky.feed.post/3mf5ha73pdk2d,2026-02-18T16:03:06.461351+00:00
at://did:plc:y475tevrefktpj634e5nfi7s/app.bsky.feed.post/3mf5h6fhufs2d,2026-02-18T16:03:07.062102+00:00
at://did:plc:abr3uvycgo6gisyuceo4mjft/app.bsky.feed.post/3mf5jgyrfzk2z,2026-02-18T16:43:53.257544+00:00
at://did:plc:3w4wabryictimgasd4ixokdx/app.bsky.feed.post/3mf5mxsikhs2i,2026-02-18T18:15:37.667611+00:00
at://did:plc:bysm6toln23wjh4fkxfishfh/app.bsky.feed.post/3mf5mhzntcc2x,2026-02-18T18:15:38.261525+00:00
