at://did:plc:aodlnmk6p7fx76pzsmt67ixl/app.bsky.feed.post/3mf4hnkuris25,2026-02-18T06:42:41.805635+00:00
at://did:plc:vna5324hfbcw52jsvpz5q2zf/app.bsky.feed.post/3mf4odzc7o22h,2026-02-18T08:39:49.662409+00:00
at://did:plc:k3frwgqvghtswmu7i4ieylk6/app.bsky.feed.post/3mf4rlzklcs2q,2026-02-18T09:35:51.036890+00:00
at://did:plc:k3frwgqvghtswmu7i4ieylk6/app.bsky.feed.post/3mf4rj5xbkk2q,2026-02-18T09:35:51.605342+00:00
at://did:plc:633kiz5uvznciwuo4tgpjxmz/app.bsky.feed.post/3mf4vvkgz3c2q,2026-02-18T10:52:15.181995+00:00
at://did:plc:5rmb6lvxuj33s2tnalf2xzz6/app.bsky.feed.post/3mf53s6mdb224,2026-02-18T12:39:10.897771+00:00
at://did:plc:5rmb6lvxuj33s2tnalf2xzz6/app.bsky.feed.post/3mf53pgzlr224,2026-02-18T12:39:11.470607+00:00
at://did:plc:yal2wktlkifgix5swdjl5a4u/app.bsky.feed.post/3mf54m3zkls2i,2026-02-18T12:54:30.088832+00:00
at://did:plc:yal2wktlkifgix5swdjl5a4u/app.bsky.feed.post/3mf553dwa2s26,2026-02-18T13:00:06.653240+00:00
at://did:plc:d2qjd7sopajog36xvjwyfmli/app.bsky.feed.post/3mf56xo2xqk2i,2026-02-18T13:35:14.307720+00:00
at://did:plc:d2qjd7sopajog36xvjwyfmli/app.bsky.feed.post/3mf5754jt4c2r,2026-02-18T13:40:20.507758+00:00
at://did:plc:nstawdlrl6hjcfttwnk4pohy/app.bsky.feed.post/3mf5cqnqrck2j,2026-02-18T14:41:27.797598+00:00
at://did:plc:nstawdlrl6hjcfttwnk4pohy/app.bsky.feed.post/3mf5cq3jfdk2j,2026-02-18T14:41:28.358647+00:00
at://did:plc:nstawdlrl6hjcfttwnk4pohy/app.bsky.feed.post/3mf5d2rni7c2j,2026-02-18T14:51:39.435975+00:00
at://did:plc:ajkx2ox3bbg7jz56zfmucve6/app.bsky.feed.post/3mf5domnzzc2e,2026-02-18T15:06:57.289576+00:00
at://did:plc:y475tevrefktpj634e5nfi7s/app.bsky.feed.post/3mf5ha73pdk2d,2026-02-18T16:08:12.963609+00:00
at://did:plc:y475tevrefktpj634e5nfi7s/app.bsky.feed.post/3mf5h6fhufs2d,2026-02-18T16:08:13.559324+00:00
at://did:plc:abr3uvycgo6gisyuceo4mjft/app.bsky.feed.post/3mf5jgyrfzk2z,2026-02-18T16:48:59.035778+00:00
at://did:plc:bysm6toln23wjh4fkxfishfh/app.bsky.feed.post/3mf5mhzntcc2x,2026-02-18T17:39:55.274276+00:00
at://did:plc:3w4wabryictimgasd4ixokdx/app.bsky.feed.post/3mf5mxsikhs2i,2026-02-18T17:45:04.301883+00:00
