at://did:plc:eifjk3yluqt7wrzskhzapn75/app.bsky.feed.post/3mev7qz7owc2s,2026-02-15T09:36:28.101885+00:00
at://did:plc:ni56t5aoljlkacqew7vduij5/app.bsky.feed.post/3mevfpeol3c2m,2026-02-15T11:13:16.563642+00:00
at://did:plc:527mv4nxguz2v2h7gwoxrnm4/app.bsky.feed.post/3mevkjezaec2w,2026-02-15T12:39:54.466917+00:00
at://did:plc:eljqojt75i3ddphzgjniqelw/app.bsky.feed.post/3mevqhv4re22w,2026-02-15T14:26:50.534999+00:00
at://did:plc:nstawdlrl6hjcfttwnk4pohy/app.bsky.feed.post/3mevqtb3sgk2c,2026-02-15T14:31:56.607026+00:00
at://did:plc:nstawdlrl6hjcfttwnk4pohy/app.bsky.feed.post/3mevrkl6jnc2c,2026-02-15T14:47:14.017612+00:00
at://did:plc:cmaglfoint7mqd7xglymfau2/app.bsky.feed.post/3mevri7gr3s2y,2026-02-15T14:47:14.588126+00:00
at://did:plc:dac7t2xrcbekbxwttqs6nr2e/app.bsky.feed.post/3mevs2hlg522j,2026-02-15T14:57:29.141696+00:00
at://did:plc:y475tevrefktpj634e5nfi7s/app.bsky.feed.post/3mevv2kjr7c2e,2026-02-15T15:48:27.641303+00:00
at://did:plc:p2rzdxwditze6nrnkbo2orng/app.bsky.feed.post/3mevvgwtfpc2c,2026-02-15T15:58:40.339292+00:00
at://did:plc:z6suji3yveg6nzq2nu2suup3/app.bsky.feed.post/3mevxg6j6q22h,2026-02-15T16:34:19.971735+00:00
at://did:plc:tas7wnd4etxwnd5ehcbmyn2s/app.bsky.feed.post/3mew2maslcc25,2026-02-15T17:30:23.603515+00:00
at://did:plc:tas7wnd4etxwnd5ehcbmyn2s/app.bsky.feed.post/3mew3beromc25,2026-02-15T17:40:36.331555+00:00
at://did:plc:d65wjc7epppp55o3yeelsdss/app.bsky.feed.post/3mew33thmcc2f,2026-02-15T17:40:36.895252+00:00
at://did:plc:d65wjc7epppp55o3yeelsdss/app.bsky.feed.post/3mew3oav6mc2f,2026-02-15T17:50:48.478185+00:00
at://did:plc:d65wjc7epppp55o3yeelsdss/app.bsky.feed.post/3mew3zfnhvk2f,2026-02-15T17:55:54.438014+00:00
at://did:plc:bysm6toln23wjh4fkxfishfh/app.bsky.feed.post/3mew5dsvny223,2026-02-15T18:16:17.537281+00:00
