User,Score
elviranh.bsky.social,215
breakingkind.bsky.social,186
jen-bookfreedom.bsky.social,174
gunnyfustercluck.bsky.social,129
rinkytone.bsky.social,126
catzrule08.bsky.social,121
rjgny.bsky.social,114
alwaystwenty5.bsky.social,113
tab1calorie.bsky.social,103
luvtheblues.bsky.social,99
sebastian2.bsky.social,93
notbeforenoon.bsky.social,73
mygardenuk.bsky.social,68
ben-is-bent-2021.bsky.social,62
trickemhunter.bsky.social,61
mi-mitten.bsky.social,59
unhinged.posts.fyi,54
gschroep.bsky.social,51
mbpuskar.bsky.social,48
wiz555.bsky.social,48
phil-hoosierfan.bsky.social,46
lauramntsprg.bsky.social,45
brisbearx.bsky.social,43
seankelly.biz,42
zoran38111.bsky.social,41
scottietakeson.bsky.social,41
jab1963.bsky.social,40
maxgugliotti.bsky.social,40
rendire.bsky.social,39
cillianmc.bsky.social,38
dianeiam.bsky.social,36
hughmoore.bsky.social,36
handi817.bsky.social,34
lew-lgarf3.bsky.social,34
moggsee.bsky.social,32
themusesmiles.bsky.social,30
cherylm56588591.bsky.social,30
richiehindle.bsky.social,29
khm95409.bsky.social,29
eravau.bsky.social,28
snoopybanana.bsky.social,28
justlookingk.bsky.social,28
greenshreeves-51.bsky.social,27
stoopidfunnyjokes.bsky.social,26
adiw1202.bsky.social,25
gadgetgirl.bsky.social,24
dona-dvet.bsky.social,24
connielukey.bsky.social,24
jtownjohn.bsky.social,23
mi-flgirl.bsky.social,23
ainelaoise.bsky.social,23
taucabalander.bsky.social,22
thebeardidlady.bsky.social,21
teresa555.bsky.social,21
friskyferretsmumma.bsky.social,20
flygirltess.bsky.social,19
navyfungi.bsky.social,18
bucaj.bsky.social,18
lurch442.bsky.social,17
catwanderz.bsky.social,16
juma20000.bsky.social,16
alanother.bsky.social,16
mondaynyquil.bsky.social,16
gryphon1019.bsky.social,16
volperina.bsky.social,16
catharticchaos.bsky.social,16
premdw.bsky.social,15
mydogsky.bsky.social,15
thestevendavid.bsky.social,15
darbyfish.bsky.social,15
cguibordauthor.bsky.social,15
proudlycanadian.bsky.social,15
valezri.bsky.social,14
ruun76.bsky.social,14
johncnj.bsky.social,14
gnomonchronicles.bsky.social,14
mariablack.bsky.social,13
kirastockwell.bsky.social,13
drfoth.bsky.social,13
beancurling.bsky.social,13
bloggsjo774.bsky.social,13
pianosteve.bsky.social,13
deepdownblue.bsky.social,13
westofmichael.bsky.social,12
jennybing53.bsky.social,12
paumccran.bsky.social,12
darthmarmalade.bsky.social,12
johnmovingon.bsky.social,12
theneohac.bsky.social,12
dadjokesofregina.bsky.social,12
oclan.bsky.social,12
lauracmom.bsky.social,12
rick-geyer.bsky.social,12
joelfast.bsky.social,12
blandishmentbob.bsky.social,12
jeffreyschmeffrey.bsky.social,11
boomer4bs.bsky.social,11
rlow73.bsky.social,11
david0100100100.bsky.social,11
rctmpx.bsky.social,11
treataod.site,11
smalljane.bsky.social,11
oxnardmantalvo.bsky.social,10
matt12l.bsky.social,10
apocalypsehere.bsky.social,10
sherid10.bsky.social,10
primarylupine.bsky.social,10
kerrington-k.bsky.social,10
sparkyl.bsky.social,10
mariana057.bsky.social,9
thehouseonsodom.bsky.social,9
jokestersonly.bsky.social,9
letsgomeow.bsky.social,9
megaholt.medsky.social,9
tcpdump101.com,9
dr-kurt.bsky.social,9
detoxponcho.bsky.social,9
faith54.bsky.social,9
jimstewart.bsky.social,9
bshuman.bsky.social,9
bjhbrian.bsky.social,9
makesmewannauke.bsky.social,8
snugbucket.bsky.social,8
fight4usademocracy.bsky.social,8
mikililmo.bsky.social,8
vincechoong.bsky.social,8
domino67.bsky.social,8
jeanne7759.bsky.social,8
oldbat.bsky.social,8
mostlytruenews.bsky.social,8
6games.bsky.social,8
radleyand.bsky.social,8
occupystephanie.bsky.social,8
occupyonelove.bsky.social,8
shellybug.bsky.social,7
provridogwalker.bsky.social,7
kimisdefiant.bsky.social,7
imawiser.bsky.social,7
hopeactually.bsky.social,7
roadieric.bsky.social,7
tysont89.bsky.social,7
13thfloor.bsky.social,7
petrahees.bsky.social,7
irliteach.bsky.social,7
marianherra.bsky.social,7
sharont6.bsky.social,7
pennybarone.bsky.social,7
avaloriz.bsky.social,7
joanne2000.bsky.social,7
doublebara.bsky.social,7
lutherduder42.bsky.social,7
properlookout.bsky.social,7
maskeddata.bsky.social,7
surflover.bsky.social,7
imprecision.bsky.social,7
tammykomoff.bsky.social,7
melissajohns.bsky.social,6
bamesjasler.bsky.social,6
villagevalues.bsky.social,6
lukerussell.bsky.social,6
memesandmusings.bsky.social,6
lostcompass.bsky.social,6
iamleomorales.bsky.social,6
originalgoldengirl.bsky.social,6
jacksonsinsc.bsky.social,6
gentleg.bsky.social,6
lodiagain.bsky.social,6
joeotrubaphd.bsky.social,6
gerrig1954.bsky.social,6
jarodkashkin.bsky.social,6
grammie1517.bsky.social,6
ws75.bsky.social,6
lilliantj.bsky.social,6
cissybgood67.bsky.social,6
dbkinlala.bsky.social,6
beznay.bsky.social,6
unitycoach.bsky.social,6
nanalouise.bsky.social,6
cinderellashado.bsky.social,6
annenews.bsky.social,6
nelm71.bsky.social,6
heartlesscreatures.bsky.social,6
sheamus15.bsky.social,6
3leggedcat70.bsky.social,6
alabamachrome.bsky.social,6
kateretired.bsky.social,6
candyliggett2024.bsky.social,6
susantyrrell.bsky.social,6
koparafallskid.bsky.social,6
gmayogi.bsky.social,6
wx1g.bsky.social,6
realdrnefario.bsky.social,6
padawanjon.bsky.social,5
leeroystarr.bsky.social,5
abratus.bsky.social,5
feelikeastrnger.bsky.social,5
nj1002024.bsky.social,5
beentruckin.bsky.social,5
antibreeder1m.bsky.social,5
bertmeerkamp.bsky.social,5
manmaytag.bsky.social,5
rickhm.bsky.social,5
hudsonicus.bsky.social,5
llstarr.bsky.social,5
zeldabizarre.bsky.social,5
thomasdee.bsky.social,5
mdicey.bsky.social,5
chriswalker1964.bsky.social,5
pikagirl.bsky.social,5
flnative.bsky.social,5
drjoep.bsky.social,5
sylviatx.bsky.social,5
davpacopas.bsky.social,5
sinkingheadofdeath.bsky.social,5
djszumylo.bsky.social,5
somerset1.bsky.social,5
wadeonthebeats.bsky.social,5
harryriver.bsky.social,5
stevewehrmann.bsky.social,5
namulwa12.bsky.social,5
poogle1959.bsky.social,4
kchuk.bsky.social,4
jimswanson.bsky.social,4
breaddrink.bsky.social,4
okaynova.bsky.social,4
zargon2112.bsky.social,4
kathmarval.bsky.social,4
amsred.bsky.social,4
deadblondewalking.bsky.social,4
golferwannabe.bsky.social,4
tellmehesdead.bsky.social,4
winniefloof.bsky.social,4
putmygamefaceon.bsky.social,4
shylucia.bsky.social,4
hailthefatkid.bsky.social,4
bentwood.bsky.social,4
ogruddawg.bsky.social,4
immaculatemis.bsky.social,4
dorianhazel.bsky.social,4
astrodame.bsky.social,4
letsaskyourmom.com,4
duffer0440.bsky.social,4
onlytruthnow.bsky.social,4
tomaustin.bsky.social,4
actorswkspdet.bsky.social,4
pureimbecile.bsky.social,4
pugparent.bsky.social,4
lolatep.bsky.social,4
dove333.bsky.social,4
kennedykamila.bsky.social,4
porschejunkie.bsky.social,4
letsgohawksgpg.bsky.social,4
melissa0numbers.bsky.social,4
bri4change.bsky.social,4
sandor22.bsky.social,4
mythigator.bsky.social,4
spoonlurker.bsky.social,4
playfullwind.bsky.social,4
sueb53.bsky.social,4
mikedunmire.bsky.social,4
jtg53.bsky.social,4
theplightattendant.bsky.social,4
newmexicojo.bsky.social,4
mdlove2.bsky.social,4
grandma-m.bsky.social,4
lisaandotis.bsky.social,4
muddsplatter.bsky.social,4
max-n-rufus.bsky.social,4
ajohmss1956.bsky.social,4
bridgetsj143.bsky.social,4
ec-listening.bsky.social,4
jayleec.bsky.social,4
steffapcennydd.bsky.social,4
mschiz.bsky.social,4
clarenceb.bsky.social,4
qedtherese.bsky.social,4
numbchuckg.bsky.social,4
rlsantucijr.bsky.social,4
nick-lav.bsky.social,4
babsrn.bsky.social,4
cynalbr.bsky.social,4
kalmantibs.bsky.social,4
arjayman.bsky.social,4
lu2dgames.bsky.social,4
deeddra.bsky.social,4
rainbowchazer.bsky.social,4
scotty-combarca.bsky.social,4
coralgableswang.bsky.social,4
meribel123.bsky.social,4
sittinglynx.bsky.social,4
itchycheeks.bsky.social,4
bettieandirv.bsky.social,4
jeffsmybrother.bsky.social,4
rob-baron.bsky.social,4
erellisiii.bsky.social,4
pwoiter.bsky.social,4
chenzo55beta.bsky.social,4
carriehighlander.bsky.social,4
pharmablue.bsky.social,4
vagablondviking.bsky.social,4
zackaryxanatos.bsky.social,4
stiggylou.bsky.social,4
thisisme7.bsky.social,4
thomasjheaney.bsky.social,4
marzaprussell.bsky.social,4
austinred.bsky.social,3
briefspark.bsky.social,3
irideamerlin.bsky.social,3
grammer24.bsky.social,3
wiscolib.bsky.social,3
rdparrish.bsky.social,3
pystcat.bsky.social,3
bluesky-novice.bsky.social,3
peevee55.bsky.social,3
stlgorman.bsky.social,3
jlk-greystone.bsky.social,3
telecom-terrorist.com,3
jesus-and-butthead.bsky.social,3
elainawilliams.bsky.social,3
willies76.bsky.social,3
maco415.bsky.social,3
pennerconnie.bsky.social,3
dcclegend.bsky.social,3
happycamper24.bsky.social,3
hamkold.bsky.social,3
rupertrabbit123.bsky.social,3
wanderwithtwo.bsky.social,3
jeanhardcastle.bsky.social,3
babyiq.bsky.social,3
greekheanen.bsky.social,3
wpco99.bsky.social,3
felinelover420.bsky.social,3
theageofpegasus.bsky.social,3
fromrightfield.bsky.social,3
egc.bsky.social,3
krxsis72.bsky.social,3
jjgaut.bsky.social,3
huckleberryhill.bsky.social,3
joyrevels28.bsky.social,3
skyeangelwillow.bsky.social,3
donnas0l.bsky.social,3
bustedcup.bsky.social,3
meccalopolis.bsky.social,3
kipstergull.bsky.social,3
justjoe31.bsky.social,3
cosmichomicide.bsky.social,3
resistertruth.bsky.social,3
bellatv55.bsky.social,3
michelleyallen.bsky.social,3
bblueheather.bsky.social,3
lezbeoldernwizer.bsky.social,3
dak2hope.bsky.social,3
donnabee3.bsky.social,3
boontonkat.bsky.social,3
jimwelsh.bsky.social,3
chaos1674.bsky.social,3
copacetic-vibe.bsky.social,3
carolwm.bsky.social,3
phooph.bsky.social,3
genxjamerican.com,3
epilot.loudlyf.art,3
daved1948.bsky.social,3
ericashar.bsky.social,3
supplysgt.bsky.social,3
vernoncrandall.bsky.social,3
jen238.bsky.social,3
joeleneoooo.bsky.social,3
thorsondj.bsky.social,3
andrew-john.bsky.social,3
bernerdog-2.bsky.social,3
drdos71.bsky.social,3
debgsniperblue.bsky.social,3
vimpete.bsky.social,3
georgewilson1912.bsky.social,3
fishladyabs.bsky.social,3
tzarina912.bsky.social,3
cindy35.bsky.social,3
terrinorton.bsky.social,3
djackson1.bsky.social,3
bluedotdiva.bsky.social,3
leavingsoon.bsky.social,3
peachiikimaf.bsky.social,3
undinium.bsky.social,3
redscreech.fellas.army,3
thealienfactor.bsky.social,3
kristyclueless.bsky.social,3
christianmcintire.com,3
marvinfabulous.bsky.social,3
janabw81.bsky.social,3
desertyeti.bsky.social,3
echo4.bsky.social,3
abnormalwrench.bsky.social,3
liskeard1.bsky.social,3
sirvantes.bsky.social,3
r4tompkins.bsky.social,3
amsparky1.bsky.social,3
bbkittyfck.bsky.social,3
subtrauma.bsky.social,3
applepasta.bsky.social,3
just-tyaz.bsky.social,3
rockstar13133.bsky.social,3
rogerwagnermdphd.bsky.social,3
doclt.bsky.social,3
clowndelta.bsky.social,3
aqelfamily.bsky.social,3
jorek1original.bsky.social,3
sarahrshiver.bsky.social,3
thepossumpimp.bsky.social,3
susanhunt123.bsky.social,3
rosiedekat.bsky.social,3
shay3322.bsky.social,3
h-lane.bsky.social,3
chrisbolan.bsky.social,3
sethfromthe716.bsky.social,3
lwitten.bsky.social,3
klst86.bsky.social,3
patmfitz.bsky.social,3
burdz.bsky.social,3
alsaloolstrengths3.bsky.social,3
frogprof.bsky.social,3
margil9000.bsky.social,3
cbloom57.bsky.social,3
lyffe-opayne.bsky.social,3
wolfierankin.bsky.social,3
fantagor.bsky.social,3
tealover9.bsky.social,3
chaoticrants.com,3
muttsylvania.bsky.social,3
wessoman.bsky.social,3
maureenlefay.bsky.social,3
lynxspider.bsky.social,3
produkshun.bsky.social,3
alpine-joy.bsky.social,3
chuckwhite.bsky.social,3
stilljdartist.bsky.social,3
marcush78.bsky.social,3
gjlabonty.bsky.social,3
maddoxj1.bsky.social,3
eastwooddc.bsky.social,3
ocgirl.bsky.social,3
bernienaumann.bsky.social,3
klouw.bsky.social,3
hap.bsky.social,3
nerdobaggins.bsky.social,3
thatguygonzalee.bsky.social,3
doesnotcare.lol,3
jimpixelbeard.bsky.social,3
glennmg.bsky.social,3
billfromwisconsin.bsky.social,3
liberallibrarian.bsky.social,3
heart4music.bsky.social,3
dabldo.bsky.social,3
owens-kd1.bsky.social,3
afrodoll3x7.bsky.social,3
justinulster.bsky.social,2
allystewart.bsky.social,2
discogypsyfish.bsky.social,2
tabfellows.bsky.social,2
jens0331.bsky.social,2
cyberthrush.bsky.social,2
robina0107.bsky.social,2
jarrellwoods.bsky.social,2
megayanni.bsky.social,2
joelwelter.bsky.social,2
tapper2.bsky.social,2
keenethery.bsky.social,2
lauraleeta.bsky.social,2
roman.doroschevi.ci,2
chathamgrad.bsky.social,2
ignorati.bsky.social,2
patriciakellogg.bsky.social,2
missbee3.bsky.social,2
angsto2.bsky.social,2
msm6794.bsky.social,2
lori-lib.bsky.social,2
wwww.org,2
bridgettereed.com,2
thelazyanole.bsky.social,2
debsmusings.bsky.social,2
sekou.bsky.social,2
sdslaw.bsky.social,2
scorzilla.bsky.social,2
ladylg.bsky.social,2
lorenzosunflower.bsky.social,2
momercury.bsky.social,2
biscuitsngravy.bsky.social,2
siennafrond.bsky.social,2
krisalexander.bsky.social,2
usetabefunny.bsky.social,2
aladybutterfly.bsky.social,2
jazzygurl.bsky.social,2
bassetmom.bsky.social,2
kathywagner.bsky.social,2
hawkeye-23.bsky.social,2
zillabrese.bsky.social,2
spacemunki.bsky.social,2
martinasw.bsky.social,2
lostby.bsky.social,2
noyj.bsky.social,2
belkiran.bsky.social,2
apextarheel.bsky.social,2
ctactual.bsky.social,2
pauletteparis1.bsky.social,2
peadarkk.bsky.social,2
neece.bsky.social,2
kimberlivluvlaf.bsky.social,2
jrnel.bsky.social,2
crystalsw.bsky.social,2
morrowjamesadam.bsky.social,2
phryne1.bsky.social,2
wintertexan.bsky.social,2
vinylsol.bsky.social,2
dinahbeans.bsky.social,2
ggsdadjokes.bsky.social,2
spud-demon.bsky.social,2
penbird42.bsky.social,2
nancnrod.bsky.social,2
bettyb7.bsky.social,2
rdarinmbob.bsky.social,2
lisesfg22.bsky.social,2
davidpmolina.com,2
elizabethpatterson.bsky.social,2
mrmads.bsky.social,2
tkillion.bsky.social,2
kellipherous.bsky.social,2
drbuckoff.bsky.social,2
marymason66.bsky.social,2
churchlady320.bsky.social,2
ellesun.bsky.social,2
matthewjkuiper.bsky.social,2
capebretongent.bsky.social,2
cafiend.bsky.social,2
lesmj.bsky.social,2
twfjom.bsky.social,2
andiljones.bsky.social,2
cathysfrank5.bsky.social,2
carmac.bsky.social,2
changehastocome.bsky.social,2
ddpistole.bsky.social,2
dwdavisrsl.bsky.social,2
saltyoldgal.bsky.social,2
kimhobbs.bsky.social,2
mr-lloyd-evans.bsky.social,2
electricdc.bsky.social,2
dgkimpton.bsky.social,2
lyonesseuk.bsky.social,2
inhale-exhale.bsky.social,2
hffrkmp.bsky.social,2
samusaniam.bsky.social,2
woozleweasels.bsky.social,2
slippingawy.bsky.social,2
davidsbluesky.bsky.social,2
edb1947.bsky.social,2
robertweir.bsky.social,2
jacquieleeb.bsky.social,2
greenflower68.bsky.social,2
fuck-elon-musk.bsky.social,2
arbordrone.bsky.social,1
joshuag.com,1
faithhope17.bsky.social,1
seanwickxxx.bsky.social,1
dipriya.bsky.social,1
msbsongs.bsky.social,1
dobermanndoglovers.bsky.social,1
kenksharp.bsky.social,1
alisanto45.bsky.social,1
jill-ann.bsky.social,1
hlwho67.bsky.social,1
thirdwhaletrip.bsky.social,1
altocumulous.bsky.social,1
rowyourbot.bsky.social,1
grouchy899.bsky.social,1
wiccafenian.bsky.social,1
ekilbane.bsky.social,1
sbandrea22.bsky.social,1
carylma33.bsky.social,1
mikemuth.bsky.social,1
docbohn.bsky.social,1
deb928.bsky.social,1
brentwaggoner.bsky.social,1
daleklama.bsky.social,1
jaykaplan.bsky.social,1
jasminenoirxxxxx.bsky.social,1
wallsrus.bsky.social,1
paulrutt.bsky.social,1
greenhouse01.bsky.social,1
bonnieeldon.bsky.social,1
furiogigante.bsky.social,1
reaallia.bsky.social,1
oddext.bsky.social,1
willthedancer.bsky.social,1
catlancaster.bsky.social,1
terriblylost.bsky.social,1
build333.bsky.social,1
iggyrules.bsky.social,1
notnowshannon.bsky.social,1
taromagico.bsky.social,1
themaltesefalcon.bsky.social,1
youlove19.bsky.social,1
iamweary.bsky.social,1
marijaner.bsky.social,1
juliehampton20.bsky.social,1
gminx.bsky.social,1
kameberaaa.bsky.social,1
moritzfiege.bsky.social,1
k-e-v-i-n-d.bsky.social,1
cypherwulf.bsky.social,1
louisanch.bsky.social,1
solesteonfire.bsky.social,1
k-m-c.bsky.social,1
sciencehr.bsky.social,1
betiycan.bsky.social,1
lpres.bsky.social,1
preblebooks.bsky.social,1
52-blue.bsky.social,1
trishamiller.bsky.social,1
laclark.bsky.social,1
darbrina.bsky.social,1
pyxelmajick.bsky.social,1
kellymcgillis.bsky.social,1
afgali08.bsky.social,1
warybear.bsky.social,1
jeczaja.bsky.social,1
auntlovely.bsky.social,1
annalibri.bsky.social,1
xlanabella.bsky.social,1
nodtonothing.bsky.social,1
stevemac85.bsky.social,1
pamelabrownlee.bsky.social,1
jimwito.bsky.social,1
colleenmiller.bsky.social,1
greenideassleep.bsky.social,1
gavetrawally12.bsky.social,1
caramalroll.bsky.social,1
larrymilly.bsky.social,1
ninas368.bsky.social,1
valkeriranger.bsky.social,1
politicaled.bsky.social,1
jacobaugust.bsky.social,1
que-guat.bsky.social,1
rodhillen.com,1
nataliavimeo.bsky.social,1
brianwooley.bsky.social,1
wickedpissahme.bsky.social,1
sparrowjess12.bsky.social,1
elladeraven.bsky.social,1
jacquep.bsky.social,1
cynrosemw.bsky.social,1
hyocheetiburd.bsky.social,1
androidearther.bsky.social,1
just-tam.bsky.social,1
kate-on-blue.bsky.social,1
marcmck.bsky.social,1
izzyval121.bsky.social,1
mikeyd123.bsky.social,1
aelynkay.swifties.social,1
madamwiz.bsky.social,1
birdmadmaj.bsky.social,1
surdfish.bsky.social,1
bluevelvet4u.bsky.social,1
jenbford.bsky.social,1
zeldman.bsky.social,1
pattyorazietti.bsky.social,1
hitch321.bsky.social,1
tedmagee.bsky.social,1
dennisruder.bsky.social,1
mctrinh.bsky.social,1
theycallmebrucetoo.bsky.social,1
silverliningface.bsky.social,1
dietstardustt.bsky.social,1
rawunfilteredhoney.bsky.social,1
jakobgamertsfelder.bsky.social,1
jeremysell.bsky.social,1
bootsinink.bsky.social,1
konbiloss.bsky.social,1
gypsymc2.bsky.social,1
waa2112.bsky.social,1
codfanglers.bsky.social,1
deetteri.bsky.social,1
snapfotogirl.bsky.social,1
behindthemalllll.bsky.social,1
allettamento.bsky.social,1
saguaroscott.bsky.social,1
d4david.bsky.social,1
abarelightbulb.bsky.social,1
canhawk1.bsky.social,1
smokeylaponepone.bsky.social,1
northwyndewhisper.bsky.social,1
sassycatconner.bsky.social,1
triedtrue.bsky.social,1
lmm72.bsky.social,1
leslie0228.bsky.social,1
hazelsharrad.bsky.social,1
realelsie1.bsky.social,1
cottoneyenoh.bsky.social,1
napinglionfarm.bsky.social,1
chavera.bsky.social,1
noncompliancemode.bsky.social,1
bella59.bsky.social,1
ctgraphy.bsky.social,1
0b-or-boris.bsky.social,1
chop99.bsky.social,1
mischarn.bsky.social,1
wtfville.bsky.social,1
yunkmom.bsky.social,1
eboniolric540.bsky.social,1
sheware1.bsky.social,1
penguin007.bsky.social,1
deenal.bsky.social,1
legionbobo.bsky.social,1
mollylue.bsky.social,1
jimchurch.bsky.social,1
lorithompson.bsky.social,1
mimisubs9.bsky.social,1
effitx.bsky.social,1
harmonyhal.bsky.social,1
lexultimaveritas.bsky.social,1
kathysadiemolly25.bsky.social,1
insearchofzen.bsky.social,1
fishfinatic.bsky.social,1
cchineman.bsky.social,1
getfcked.bsky.social,1
w0lft4lk3r.bsky.social,1
jackhayes9398.bsky.social,1
crabbydaddy.bsky.social,1
catyarn.bsky.social,1
gjsomogyi.bsky.social,1
swiftonsecurity.com,1
thebeliever.bsky.social,1
tallinnstreets.bsky.social,1
stuartstories.bsky.social,1
evergreenblue.bsky.social,1
itslanabella.bsky.social,1
jeremybeim.bsky.social,1
kimberlynn.bsky.social,1
zielle47.bsky.social,1
avoidingpublic.bsky.social,1
aycanan21.bsky.social,1
jballam.bsky.social,1
philphun1.bsky.social,1
kdhartley.bsky.social,1
seriouslywhimsical.bsky.social,1
dmjia85.bsky.social,1
cyclonegal86.bsky.social,1
artielarkin9.bsky.social,1
nialls8.bsky.social,1
daniellacakey.bsky.social,1
mkb30.bsky.social,1
ecolips.bsky.social,1
linusbackwards.bsky.social,1
guydemoeres.bsky.social,1
stephenmagpie.bsky.social,1
dcdingo.bsky.social,1
singulus.bsky.social,1
judyd.bsky.social,1
hazelhyacinth.bsky.social,1
sara363rei.bsky.social,1
johnkennedy2.bsky.social,1
yunkeroo.bsky.social,1
meanderthal42.bsky.social,1
christi-anne.bsky.social,1
love8rockets.bsky.social,1
apeshizz.bsky.social,1
mcbrie.bsky.social,1
jpturcotte.bsky.social,1
thegreatduggo.bsky.social,1
rosiebeachgirl.bsky.social,1
surfrich3.bsky.social,1
alrichards4733.bsky.social,1
whatsnew9892.bsky.social,1
mom-as.bsky.social,1
tempestuoustea.bsky.social,1
dr-six-maui.bsky.social,1
jphilly.bsky.social,1
pelosiepaws.bsky.social,1
gwenniegrand.bsky.social,1
feelsyoung.bsky.social,1
ivlane.bsky.social,1
water-watch.bsky.social,1
foxtailfcs.com,1
adarlingkugs.bsky.social,1
glasscatty.bsky.social,1
webpixie.bsky.social,1
bobd123.bsky.social,1
blisskissed.bsky.social,1
headyrm.bsky.social,1
carolyn4277.bsky.social,1
sissydonhadit.bsky.social,1
nolamumuhead.bsky.social,1
lynette007.bsky.social,1
quiltvampire.bsky.social,1
anneserling.bsky.social,1
stevewestby.bsky.social,1
nsoke.bsky.social,1
r-c-w.bsky.social,1
zwkiddo.bsky.social,1
msheidilee.bsky.social,1
smmking17.bsky.social,1
cooletta.bsky.social,1
cherylgarland.bsky.social,1
biteme62.bsky.social,1
gpsomers.bsky.social,1
mskw504.bsky.social,1
badassolelady.bsky.social,1
independentint2.bsky.social,1
svandrews.bsky.social,1
jc-cpa.bsky.social,1
chadlehman.bsky.social,1
cinfish.bsky.social,1
rmcraigwv.bsky.social,1
timbakity.bsky.social,1
terrily.bsky.social,1
tracycatlady.bsky.social,1
sandra-raleigh.bsky.social,1
madisonjerry.bsky.social,1
bostonborn26.bsky.social,1
verybusybrain.bsky.social,1
docmomphd.bsky.social,1
supergoofnz.bsky.social,1
ades09.bsky.social,1
paf3871.bsky.social,1
pattyinaz.bsky.social,1
makatma.bsky.social,1
juanarodriguez.bsky.social,1
elguapo333.bsky.social,1
annacatnana.bsky.social,1
words-matter18.bsky.social,1
kittenbiskits.bsky.social,1
azcindy.bsky.social,1
monarchbuddy.bsky.social,1
vickihwright.bsky.social,1
bamaboomer.bsky.social,1
mark79542085.bsky.social,1
1andowenly.bsky.social,1
auntgosh.bsky.social,1
beckys883.bsky.social,1
amandacollinsbeams.bsky.social,1
olivia-tea.bsky.social,1
coolerking19.bsky.social,1
rfdude.bsky.social,1
pvasqu.bsky.social,1
ksalmanson.bsky.social,1
cherrycreme.bsky.social,1
islandscott.bsky.social,1
sarahinitaly.bsky.social,1
skyla50.bsky.social,1
jasonbhere.bsky.social,1
quiltergirl66.bsky.social,1
rad3.bsky.social,1
mmmarvalous.bsky.social,1
chrischoptain.bsky.social,1
2shine.bsky.social,1
seavea.bsky.social,1
slovakheidi.bsky.social,1
pnk1.bsky.social,1
sharkster1701.bsky.social,1
janicenj.bsky.social,1
charlenedev.bsky.social,1
catdaisy-sunshine.bsky.social,1
dickynet.com,1
deebee54.bsky.social,1
farawayeyes78.bsky.social,1
lisa87120.bsky.social,1
melfd.bsky.social,1
dustywombat.bsky.social,1
maurerlib.bsky.social,1
ohdonna16.bsky.social,1
gingerlvschris.bsky.social,1
bmhkitchenwitch.bsky.social,1
marylougeorge2.bsky.social,1
fletch01.bsky.social,1
betultalha01.bsky.social,1
sstans.bsky.social,1
stevieprinz.bsky.social,1
shellie44.bsky.social,1
tishc.bsky.social,1
michaelbme69.bsky.social,1
toolittlesugar.bsky.social,1
mdblue58.bsky.social,1
noworries76.bsky.social,1
steidle6.bsky.social,1
shoregal.bsky.social,1
klopol.bsky.social,1
jose1.bsky.social,1
maartena.bsky.social,1
bibimkuu.bsky.social,1
switchmark.bsky.social,1
notmyusa2025.bsky.social,1
kathidm.bsky.social,1
buntyfanshawe.bsky.social,1
amsmom11.bsky.social,1
uzeyrc.bsky.social,1
rordfrmdawi.bsky.social,1
dontshootthedog.bsky.social,1
shineyalbatross.bsky.social,1
jessymeow.bsky.social,1
borchkins.bsky.social,1
cinflynn.bsky.social,1
gwetswage.bsky.social,1
hyperionpsn.bsky.social,1
sophiemyjoy.bsky.social,1
beorn3.bsky.social,1
sadboots.bsky.social,1
cuboidhook.bsky.social,1
mspreposterous.bsky.social,1
carrionsam.bsky.social,1
dotsandlines.bsky.social,1
paulmeisel.bsky.social,1
cwarch.bsky.social,1
chellenebee9147.bsky.social,1
lostscrews.bsky.social,1
taybettin.bsky.social,1
zeentejas.bsky.social,1
theonlyjunedoe.bsky.social,1
kimhenry7344.bsky.social,1
derekjpilling.bsky.social,1
3ahiru.bsky.social,1
tripleess.bsky.social,1
zippertothemax.bsky.social,1
pelleis.bsky.social,1
dadib.bsky.social,1
annpersand.bsky.social,1
iowapotato.bsky.social,1
jeanieann.bsky.social,1
svorchh01.bsky.social,1
kbh6899.bsky.social,1
robyninthestix.bsky.social,1
soulofjaneaustin.bsky.social,1
shupe.dev,1
allthingsisheretoo.bsky.social,1
joebuonfiglio.bsky.social,1
dfjoiner.bsky.social,1
cling2reality.bsky.social,1
wings4wrd.bsky.social,1
daslobes.bsky.social,1
xheralt.bsky.social,1
louyoufortofu.bsky.social,1
mijoda3.bsky.social,1
grannyweed.bsky.social,1
suerussellwrites.bsky.social,1
penae28.bsky.social,1
rico911.bsky.social,1
gardenbirdnerd.bsky.social,1
pucksherburn.bsky.social,1
drchristinazech.bsky.social,1
susanvictoria.bsky.social,1
hg-manifold.bsky.social,1
rmoffitt.bsky.social,1
wellroundednut.bsky.social,1
missbananabiker.bsky.social,1
kattsdogma.bsky.social,1
cmel3.bsky.social,1
maverickashlyn.bsky.social,1
vjbigsuit.bsky.social,1
fuckcancer56.bsky.social,1
baba21.bsky.social,1
johnedwardxo.bsky.social,1
zenofmike.bsky.social,1
yourcatbuttface.bsky.social,1
kentessa.bsky.social,1
lsmodic.bsky.social,1
mc0.bsky.social,1
megantbrown.bsky.social,1
splatterthought.bsky.social,1
johnshirley2024.bsky.social,1
sasskwach.bsky.social,1
hopeintx.bsky.social,1
landrysmom.bsky.social,1
cwbis.bsky.social,1
jbwh24.bsky.social,1
sloppycopywriter.bsky.social,1
coffee-grimace.bsky.social,1
c14rity.bsky.social,1
catbirder27.bsky.social,1
onlyonealexa.bsky.social,1
probably-rob.bsky.social,1
jpofgwynedd.bsky.social,1
honorable-steve.bsky.social,1
labratmtbiker.bsky.social,1
catherine-p-henry.bsky.social,1
sinemkiraz22.bsky.social,1
davidbrucas.bsky.social,1
horseyluvr.bsky.social,1
liberalhenry.bsky.social,1
jed74.bsky.social,1
toni7477.bsky.social,1
holidaylicious.bsky.social,1
homeroom.bsky.social,1
quoipas.bsky.social,1
wsiegs.bsky.social,1
bonjour01.bsky.social,1
wince7170.bsky.social,1
theothecatau.bsky.social,1
holidaychannel.bsky.social,1
olivia3121.bsky.social,1
billiebun.bsky.social,1
sultancracks.bsky.social,1
shorttimer.bsky.social,1
bluesman01.bsky.social,1
karriefrey.bsky.social,1
blownmotor.bsky.social,1
nomades.bsky.social,1
virginiasghost.bsky.social,1
deborahhannigan.bsky.social,1
katchamp.bsky.social,1
lesueurlucille.bsky.social,1
annaleehq.bsky.social,1
blondie013.bsky.social,1
silverblack316.bsky.social,1
dakinispirit.bsky.social,1
scootrbum.bsky.social,1
sepsisstar.bsky.social,1
alilywiththorns.bsky.social,1
tucky512.bsky.social,1
beausoleil202.bsky.social,1
goobernut62.bsky.social,1
kwcfla.bsky.social,1
xgoogleplex2.bsky.social,1
krisocco.bsky.social,1
chipotle-goddess.bsky.social,1
seaeagle.bsky.social,1
lisbethwasp.bsky.social,1
gabbysviews.bsky.social,1
theabulletaway.com,1
ruthparslow.bsky.social,1
drmicheldee.bsky.social,1
jolievviouight.bsky.social,1
chris-mcintosh.bsky.social,1
ladybug3252.bsky.social,1
runningincircles.bsky.social,1
davidj867.bsky.social,1
xpatjock.bsky.social,1
barrosoid41.bsky.social,1
chicagogameguy.bsky.social,1
annahalifax.bsky.social,1
tedroche.contoocook.org,1
herennui.bsky.social,1
mommom-dayton.bsky.social,1
wildplumbay.bsky.social,1
bakrialdati.bsky.social,1
lalura.bsky.social,1
moodyjm51.bsky.social,1
luvodie.bsky.social,1
silenttscott.bsky.social,1
lydiam.bsky.social,1
zindrinker.bsky.social,1
cmeo2003.bsky.social,1
laser3.bsky.social,1
bluedotin.bsky.social,1
mhuckfeldt.bsky.social,1
usaisabluenation.bsky.social,1
berkantakinoglu.bsky.social,1
theskywalker1.bsky.social,1
mamajkmcc.bsky.social,1
ahmadjehad59.bsky.social,1
accen.bsky.social,1
opus24.bsky.social,1
saltystan.bsky.social,1
kateprops.bsky.social,1
docstrange.bsky.social,1
livinonbluespower.bsky.social,1
johnnyasheville.bsky.social,1
grambo1.bsky.social,1
nitesho.bsky.social,1
suewho82.bsky.social,1
sf49.bsky.social,1
ritabarkley.bsky.social,1
zekebek.bsky.social,1
jeroee.bsky.social,1
slimskink.bsky.social,1
jmck145.bsky.social,1
vaanips.bsky.social,1
dntboise.bsky.social,1
cambone.bsky.social,1
janetylor.bsky.social,1
cwnidog.bsky.social,1
jaoc26.bsky.social,1
outragedandengaged.bsky.social,1
bluemiro10.bsky.social,1
mattg306.bsky.social,1
justestin.bsky.social,1
grahammunology.bsky.social,1
earljulesmooch.bsky.social,1
sdpadresfreak.bsky.social,1
lumberjackwharfie.bsky.social,1
verboseminimalist.gay,1
my2twh.bsky.social,1
knappdave9.bsky.social,1
xopherx.bsky.social,1
imsflagman.bsky.social,1
hborncamp.bsky.social,1
debalexander.bsky.social,1
valeriebol.bsky.social,1
cassiefabulous.bsky.social,1
jennifersydney.bsky.social,1
succubuskennie.bsky.social,1
angelakmarx.bsky.social,1
foggthat.bsky.social,1
lizmattphilly.bsky.social,1
void0reason.bsky.social,1
fayezandfamily162.bsky.social,1
kevtherat.bsky.social,1
mdhaines047.bsky.social,1
lindarchenault.bsky.social,1
rsmithte.bsky.social,1
chrismo.bsky.social,1
fredasmith.bsky.social,1
workingcode.com,1
bkindetroit.bsky.social,1
slackerpal.bsky.social,1
thewinelady.bsky.social,1
catheeee.bsky.social,1
apparitionandme.bsky.social,1
ruh-roh.bsky.social,1
jessiemcgowan.bsky.social,1
unwindoakland.bsky.social,1
homemademonster.bsky.social,1
sha117.bsky.social,1
duenorth1.bsky.social,1
freddyandmike.bsky.social,1
banyandogshelter.bsky.social,1
adept2u.bsky.social,1
jackiesknight.bsky.social,1
beckijr.bsky.social,1
lclaura.bsky.social,1
veganvibes.bsky.social,1
inventegy.bsky.social,1
bluealways.bsky.social,1
buffandtuff.com,1
kikiladoucette.bsky.social,1
australiangroan.bsky.social,1
equityadvocate71.bsky.social,1
vandyke4ad.bsky.social,1
nilnomen.bsky.social,1
mockcarr.bsky.social,1
yelda369.bsky.social,1
lisanelson.bsky.social,1
calirn.bsky.social,1
thelittlestoaf.bsky.social,1
birdy56.bsky.social,1
themule.bsky.social,1
eddiebullock.bsky.social,1
everleigh.bsky.social,1
jaxcandy.bsky.social,1
chaos-theory-rn.bsky.social,1
romneytm.bsky.social,1
tsmothers.bsky.social,1
waffa.bsky.social,1
anjabe.bsky.social,1
screenplaya.bsky.social,1
elder420.bsky.social,1
bawley.bsky.social,1
melodyleelacy.smokefleet.net,1
severalmadmen.bsky.social,1
polipolly.bsky.social,1
sfannie53.bsky.social,1
ousman99.bsky.social,1
helenlynn.bsky.social,1
lizzard99.bsky.social,1
mayhem4eva.bsky.social,1
epicfreelancer.bsky.social,1
shootsfromhip.bsky.social,1
sameller.bsky.social,1
lzsegar.bsky.social,1
mytipme.co,1
lligrd.bsky.social,1
ih8handles.bsky.social,1
goodmojojo.bsky.social,1
christinav.bsky.social,1
rastasack.bsky.social,1
dmuma.bsky.social,1
brunhilde27172.bsky.social,1
mamasarajo.bsky.social,1
jimsoper.bsky.social,1
airbonk.nafofellas.com,1
whosamama.bsky.social,1
catgohobster.bsky.social,1
bookgirl64.bsky.social,1
abrazill.bsky.social,1
kittymooney.bsky.social,1
angela01-05.bsky.social,1
sandynow.bsky.social,1
xneardark.bsky.social,1
mohamedalimasri.bsky.social,1
lucivf.bsky.social,1
booksyalove.bsky.social,1
peterg69.bsky.social,1
timb07.bsky.social,1
claireebenson.bsky.social,1
thewhitney25.bsky.social,1
johnrwal.bsky.social,1
plainreckage.bsky.social,1
irondragon0347.bsky.social,1
howievermont.bsky.social,1
alanscarl.bsky.social,1
rosanned.bsky.social,1
alanbpcny.bsky.social,1
retiredrn2006.bsky.social,1
anzygz.bsky.social,1
drselvarajah.bsky.social,1
trevorspoke.bsky.social,1
eclecticenergy.bsky.social,1
halfdeaded.bsky.social,1
erma-gerd.bsky.social,1
brucedc77.bsky.social,1
fudderduds.bsky.social,1
redpoppytatt2.bsky.social,1
microlitigator.bsky.social,1
derekschumer.bsky.social,1
memere1955.bsky.social,1
mick2mark.bsky.social,1
hacitorun111.bsky.social,1
john-e-boy.bsky.social,1
ljeana-bedouin1976.bsky.social,1
shooker60.bsky.social,1
laughdaddy.com,1
bp740.bsky.social,1
hardpressed.bsky.social,1
ebwillbanks.bsky.social,1
alsolearning.bsky.social,1
jlherms.bsky.social,1
seraphinaspang.bsky.social,1
marinerstribble.bsky.social,1
billblack2.bsky.social,1
robert-vogel.bsky.social,1
diana4democrats.bsky.social,1
infobooth.bsky.social,1
kevinmulhall.bsky.social,1
ladyallison.bsky.social,1
drosickesho.bsky.social,1
travis.chewzy.ca,1
redinkphotography.bsky.social,1
runningwiththedogs.bsky.social,1
hmunroe.bsky.social,1
chriswithqbj.bsky.social,1
lacartita.com,1
dogs4ever11.bsky.social,1
